admin1,dca8f436944bf30f13706e13ee8322261248505e3e0615b31a3e3183ffb38d3aeab9b2c318239619d832572db606132982b3e09ab15322c5184ac327c2f258d9
user02,49fff234028c867d33066d6577d85a36fd02e98cf98e898b8187afc6538f0649b9f1bf12583d4e6ab2b6e25c64c17a906e3fdcf8ba03fe5598cc4f8b4fea6b95
guest3,311090590075208a053e3dbc8d1f51df82b1cd02580aa2d784dcbac01606c54b79b4c67b269d33933ab6e7a9257a7311d44d9ca37db6dc107d0805560c388d45
elena4,9584dd07c1fe71d3a8611c71a99ded434368930d7b465b9085db61cda2cff5a07a982a4326301d0530ee9ee598caeec5c1b14d9fd723ff979311b128f9c80443
test05,db6d2fc985215c338a9abfb7e09a4c2baeac026bfd8a5ba3d61e3f6f8304bd230feef1f5c1fa62fb65ff775f9b3b7a203a5641d84b1fa0214b20a78b340a9b89
manager,64a767d133a618b8ba9fcfac6eec459c3da21f50339205d5a2d4a8c6aca4a0d8b67568be63f4ef13538a0ce39b3da0a05ec5c039aa850edba15e2eb1411b6345
student,69429c76895f8f6a03784bb41b8d4e68c53949a6c6f728c4c401180d5078fae8fae53624b3256fa713a3fed94438b8c437b6ee3ec1b83d210e7edd90677bcefa
hacker8,808540bb97d2f045035a9d0c77efb8770604670ffb0055c5bf70174f57371acd4c421621ef024feae4681676db6408db3428ba8a2fbcb3cd70028f6a120dbb60
dev009,fa9fc72191bd52b7a7ff17d6bddc516f98bec86ddb18cff6edc57e2d8571371d3f9fe37f5a4f27eb582174d6e41ee533e974323a46c83658c3f966aa3c2a24ad
boss10,674fe1512e7f8114b513c1f75ac5faf48944fe0add220e67e427e6ebfc7c762ea8683d40ef599fde8ad5b661a1fa497015c10015bd1395c3cba87c189f7249f4
